Name,Url
Tokino Sora,https://www.youtube.com/@TokinoSora
Robocosan,https://www.youtube.com/channel/UCDqI2jOz0weumE8s7paEk6g
Aki Rosenthal,https://www.youtube.com/channel/UCFTLzh12_nrtzqBPsTCqenA
Akai Haato,https://www.youtube.com/channel/UC1CfXB_kRs3C-zaeTG3oGyg
Shirakami Fubuki,https://www.youtube.com/channel/UCdn5BQ06XqgXoAxIhbqw5Rg
Natsuiro Matsuri,https://youtube.com/channel/UCQ0UDLQCjY0rmuxCDE38FGg
Murasaki Shion,https://www.youtube.com/channel/UCXTpFs_3PqI41qX2d9tL2Rw
Nakiri Ayame,https://www.youtube.com/channel/UC7fk0CB07ly8oSl0aqKkqFg
Yuzuki Choco,https://www.youtube.com/channel/UC1suqwovbL1kzsoaZgFZLKg
Oozora Subaru,https://www.youtube.com/channel/UCvzGlP9oQwU--Y0r9id_jnA
AZKi,https://www.youtube.com/channel/UC0TXe_LYZ4scaW2XMyi5_kw
Ookami Mio,https://www.youtube.com/channel/UCp-5t9SrOQwXMU7iIjQfARg
Sakura Miko,https://www.youtube.com/channel/UC-hM6YJuNYVAmUWxeIr9FeA
Nekomata Okayu,https://www.youtube.com/channel/UCvaTdHTWBGv3MKj3KVqJVCw
Inugami Korone,https://www.youtube.com/channel/UChAnqc_AY5_I3Px5dig3X1Q
Hoshimachi Suisei,https://www.youtube.com/channel/UC5CwaMl1eIgY8h02uZw7u8A
Usada Pekora,https://www.youtube.com/channel/UC1DCedRgGHBdm81E1llLhOQ
Shiranui Flare,https://www.youtube.com/channel/UCvInZx9h3jC2JzsIzoOebWg
Shirogane Noel,https://www.youtube.com/channel/UCdyqAaZDKHXg4Ahi7VENThQ
Houshou Marine,https://www.youtube.com/channel/UCCzUftO8KOVkV4wQG1vkUvg
Amane Kanata,https://www.youtube.com/channel/UCZlDXzGoo7d44bwdNObFacg
Tsunomaki Watame,https://www.youtube.com/channel/UCqm3BQLlJfvkTsX_hvm0UmA
Tokoyami Towa,https://www.youtube.com/channel/UC1uv2Oq6kNxgATlCiez59hw
Himemori Luna,https://www.youtube.com/channel/UCa9Y57gfeY0Zro_noHRVrnw
Yukihana Lamy,https://www.youtube.com/channel/UCFKOVgVbGmX65RxO3EtH3iw
Momosuzu Nene,https://www.youtube.com/channel/UCAWSyEs_Io8MtpY3m-zqILA
Shishiro Botan,https://www.youtube.com/channel/UCUKD-uaobj9jiqB-VXt71mA
Omaru Polka,https://www.youtube.com/channel/UCK9V2B22uJYu3N7eR_BT9QA
La+ Darknesss,https://www.youtube.com/channel/UCENwRMx5Yh42zWpzURebzTw
Takane Lui,https://www.youtube.com/channel/UCs9_O1tRPMQTHQ-N_L6FU2g
Hakui Koyori,https://www.youtube.com/channel/UC6eWCld0KwmyHFbAqK3V-Rw
Sakamata Chloe,https://www.youtube.com/channel/UCIBY1ollUsauvVi4hW4cumw
Kazama Iroha,https://www.youtube.com/channel/UC_vMYWcDjmfdpH6r4TTn1MQ
Ayunda Risu,https://www.youtube.com/channel/UCOyYb1c43VlX9rc_lT6NKQw
Moona Hoshinova,https://www.youtube.com/channel/UCP0BspO_AMEe3aQqqpo89Dg
Airani Iofifteen,https://www.youtube.com/channel/UCAoy6rzhSf4ydcYjJw3WoVg
Kureiji Ollie,https://www.youtube.com/channel/UCYz_5n-uDuChHtLo7My1HnQ
Anya Melfissa,https://www.youtube.com/channel/UC727SQYUvx5pDDGQpTICNWg
Pavolia Reine,https://www.youtube.com/channel/UChgTyjG-pdNvxxhdsXfHQ5Q
Vestia Zeta,https://www.youtube.com/channel/UCTvHWSfBZgtxE4sILOaurIQ
Kaela Kovalskia,https://www.youtube.com/channel/UCZLZ8Jjx_RN2CXloOmgTHVg
Kobo Kanaeru,https://www.youtube.com/channel/UCjLEmnpCNeisMxy134KPwWw
Mori Calliope,https://www.youtube.com/channel/UCL_qhgtOy0dy1Agp8vkySQg
Takanashi Kiara,https://www.youtube.com/channel/UCHsx4Hqa-1ORjQTh9TYDhww
Ninomae Inaâ€™nis,https://www.youtube.com/channel/UCMwGHR0BTZuLsmjY_NT5Pwg
Gawr Gura,https://www.youtube.com/channel/UCoSrY_IQQVpmIRZ9Xf-y93g
Watson Amelia,https://www.youtube.com/channel/UCyl1z3jo3XHR1riLFKG5UAg
IRyS,https://www.youtube.com/channel/UC8rcEBzJSleTkf_-agPM20g
Ceres Fauna,https://www.youtube.com/channel/UCO_aKKYxn4tvrqPjcTzZ6EQ
Ouro Kronii,https://www.youtube.com/channel/UCmbs8T6MWqUHP1tIQvSgKrg
Nanashi Mumei,https://www.youtube.com/channel/UC3n5uGu18FoCy23ggWWp8tA
Hakos Baelz,https://www.youtube.com/channel/UCgmPnx-EEeOrZSg5Tiw7ZRQ
Shiori Novella,https://www.youtube.com/channel/UCgnfPPb9JI3e9A4cXHnWbyg
Koseki Bijou,https://www.youtube.com/channel/UC9p_lqQ0FEDz327Vgf5JwqA
Nerissa Ravencroft,https://www.youtube.com/channel/UC_sFNM0z0MWm9A6WlKPuMMg
Fuwawa Abyssgard,https://www.youtube.com/channel/UCt9H_RpQzhxzlyBxFqrdHqA
Mococo Abyssgard,https://www.youtube.com/channel/UCt9H_RpQzhxzlyBxFqrdHqA
Elizabeth Rose Bloodflame,https://www.youtube.com/channel/UCW5uhrG1eCBYditmhL0Ykjw
Gigi Murin,https://www.youtube.com/channel/UCDHABijvPBnJm7F-KlNME3w
Cecilia Immergreen,https://www.youtube.com/channel/UCvN5h1ShZtc7nly3pezRayg
Raora Panthera,https://www.youtube.com/channel/UCl69AEx4MdqMZH7Jtsm7Tig
Hiodoshi Ao,https://www.youtube.com/channel/UCMGfV7TVTmHhEErVJg1oHBQ
Otonose Kanade,https://youtube.com/@OtonoseKanade
Ichijou Ririka,https://www.youtube.com/@IchijouRirika
Juufuutei Raden,https://www.youtube.com/@JuufuuteiRaden
Todoroki Hajime,https://www.youtube.com/@TodorokiHajime
Isaki Riona,https://www.youtube.com/channel/UC9LSiN9hXI55svYEBrrK-tw
Koganei Niko,https://www.youtube.com/channel/UCuI_opAVX6qbxZY-a-AxFuQ
Mizumiya Su,https://www.youtube.com/channel/UCjk2nKmHzgH5Xy-C5qYRd5A
Rindo Chihaya,https://www.youtube.com/channel/UCKMWFR6lAstLa7Vbf5dH7ig
Kikirara Vivi,https://www.youtube.com/channel/UCGzTVXqMQHa4AgJVJIVvtDQ